{"cameraMode":{"drawMode":0,"name":"Shaded","section":"Shading Mode"},"sceneLighting":false,"audioPlay":false,"sceneViewState":{"m_AlwaysRefresh":false,"showFog":true,"showSkybox":false,"showFlares":true,"showImageEffects":true,"showParticleSystems":true,"showVisualEffectGraphs":true,"m_FxEnabled":true},"in2DMode":false,"pivot":{"x":-0.007951304316520691,"y":0.3306015133857727,"z":0.0013843774795532227},"rotation":{"x":-0.2587394416332245,"y":0.16048969328403474,"z":-0.04364828020334244,"w":-0.9515324831008911},"size":0.6413782835006714,"orthographic":false}