{"cameraMode":{"drawMode":0,"name":"Shaded","section":"Shading Mode"},"sceneLighting":false,"audioPlay":false,"sceneViewState":{"m_AlwaysRefresh":false,"showFog":true,"showSkybox":false,"showFlares":true,"showImageEffects":true,"showParticleSystems":true,"showVisualEffectGraphs":true,"m_FxEnabled":true},"in2DMode":false,"pivot":{"x":0.3156854808330536,"y":0.7206780910491943,"z":140.92018127441407},"rotation":{"x":-0.3676629960536957,"y":-0.6091614961624146,"z":0.5922366976737976,"w":-0.37817344069480898},"size":2.0239741802215578,"orthographic":false}