{"cameraMode":{"drawMode":0,"name":"Shaded","section":"Shading Mode"},"sceneLighting":false,"audioPlay":false,"sceneViewState":{"m_AlwaysRefresh":false,"showFog":true,"showSkybox":false,"showFlares":true,"showImageEffects":true,"showParticleSystems":true,"showVisualEffectGraphs":true,"m_FxEnabled":true},"in2DMode":false,"pivot":{"x":-10.750810623168946,"y":8.051080703735352,"z":2.4640939235687258},"rotation":{"x":0.2736939787864685,"y":-0.041822001338005069,"z":0.01191509049385786,"w":0.9608374238014221},"size":13.445843696594239,"orthographic":false}