{"cameraMode":{"drawMode":0,"name":"Shaded","section":"Shading Mode"},"sceneLighting":true,"audioPlay":false,"sceneViewState":{"m_AlwaysRefresh":false,"showFog":true,"showSkybox":true,"showFlares":true,"showImageEffects":true,"showParticleSystems":true,"showVisualEffectGraphs":true,"m_FxEnabled":true},"in2DMode":false,"pivot":{"x":-0.6431269645690918,"y":4.1140594482421879,"z":179.88986206054688},"rotation":{"x":0.11272875964641571,"y":0.8793876767158508,"z":-0.25830012559890749,"w":0.3838682770729065},"size":5.6369476318359379,"orthographic":false}