{"cameraMode":{"drawMode":0,"name":"Shaded","section":"Shading Mode"},"sceneLighting":false,"audioPlay":false,"sceneViewState":{"m_AlwaysRefresh":false,"showFog":true,"showSkybox":false,"showFlares":true,"showImageEffects":true,"showParticleSystems":true,"showVisualEffectGraphs":true,"m_FxEnabled":true},"in2DMode":false,"pivot":{"x":-0.039764754474163058,"y":-0.45266759395599368,"z":-6.08870267868042},"rotation":{"x":0.00024033820955082774,"y":-0.9934683442115784,"z":0.11406046897172928,"w":0.0020924750715494158},"size":2.3714141845703127,"orthographic":false}