{"cameraMode":{"drawMode":0,"name":"Shaded","section":"Shading Mode"},"sceneLighting":false,"audioPlay":false,"sceneViewState":{"m_AlwaysRefresh":false,"showFog":true,"showSkybox":false,"showFlares":true,"showImageEffects":true,"showParticleSystems":true,"showVisualEffectGraphs":true,"m_FxEnabled":true},"in2DMode":false,"pivot":{"x":1.5711586475372315,"y":-1.507939100265503,"z":19.960519790649415},"rotation":{"x":0.007399796508252621,"y":0.9853734374046326,"z":-0.16439202427864076,"w":0.04435809701681137},"size":2.2019636631011965,"orthographic":false}