{"cameraMode":{"drawMode":0,"name":"Shaded","section":"Shading Mode"},"sceneLighting":false,"audioPlay":false,"sceneViewState":{"m_AlwaysRefresh":false,"showFog":true,"showSkybox":false,"showFlares":true,"showImageEffects":true,"showParticleSystems":true,"showVisualEffectGraphs":true,"m_FxEnabled":true},"in2DMode":false,"pivot":{"x":0.05995357036590576,"y":0.3899999260902405,"z":49.5760383605957},"rotation":{"x":0.06524956971406937,"y":-0.14467132091522218,"z":0.009623215533792973,"w":0.9873143434524536},"size":0.7539785504341126,"orthographic":false}